r26_user1_1,1000000000000000
r26_user1_2,1000000000000000
r26_user1_3,1000000000000000
r26_user1_4,1000000000000000
r26_user1_5,1000000000000000
r26_user1_6,1000000000000000
r26_user1_7,1000000000000000
r26_user1_8,1000000000000000
r26_user1_9,1000000000000000
r26_user1_10,1000000000000000
r26_user1_11,1000000000000000
r26_user1_12,1000000000000000
r26_user1_13,1000000000000000
r26_user1_14,1000000000000000
r26_user1_15,1000000000000000
r26_user1_16,1000000000000000
r26_user1_17,1000000000000000
r26_user1_18,1000000000000000
r26_user1_19,1000000000000000
r26_user1_20,1000000000000000
r26_user1_21,1000000000000000
r26_user1_22,1000000000000000
r26_user1_23,1000000000000000
r26_user1_24,1000000000000000
r26_user1_25,1000000000000000
r26_user1_26,1000000000000000
r26_user1_27,1000000000000000
r26_user1_28,1000000000000000
r26_user1_29,1000000000000000
r26_user1_30,1000000000000000
r26_user1_31,1000000000000000
r26_user1_32,1000000000000000
r26_user1_33,1000000000000000
r26_user1_34,1000000000000000
r26_user1_35,1000000000000000
r26_user1_36,1000000000000000
r26_user1_37,1000000000000000
r26_user1_38,1000000000000000
r26_user1_39,1000000000000000
r26_user1_40,1000000000000000
r26_user10_1,1000000000000000
r26_user10_2,1000000000000000
r26_user10_3,1000000000000000
r26_user10_4,1000000000000000
r26_user10_5,1000000000000000
r26_user10_6,1000000000000000
r26_user10_7,1000000000000000
r26_user10_8,1000000000000000
r26_user10_9,1000000000000000
r26_user10_10,1000000000000000
r26_user10_11,1000000000000000
r26_user10_12,1000000000000000
r26_user10_13,1000000000000000
r26_user10_14,1000000000000000
r26_user10_15,1000000000000000
r26_user10_16,1000000000000000
r26_user10_17,1000000000000000
r26_user10_18,1000000000000000
r26_user10_19,1000000000000000
r26_user10_20,1000000000000000
r26_user10_21,1000000000000000
r26_user10_22,1000000000000000
r26_user10_23,1000000000000000
r26_user10_24,1000000000000000
r26_user10_25,1000000000000000
r26_user10_26,1000000000000000
r26_user10_27,1000000000000000
r26_user10_28,1000000000000000
r26_user10_29,1000000000000000
r26_user10_30,1000000000000000
r26_user10_31,1000000000000000
r26_user10_32,1000000000000000
r26_user10_33,1000000000000000
r26_user10_34,1000000000000000
r26_user10_35,1000000000000000
r26_user10_36,1000000000000000
r26_user10_37,1000000000000000
r26_user10_38,1000000000000000
r26_user10_39,1000000000000000
r26_user10_40,1000000000000000
r26_user11_1,1000000000000000
r26_user11_2,1000000000000000
r26_user11_3,1000000000000000
r26_user11_4,1000000000000000
r26_user11_5,1000000000000000
r26_user11_6,1000000000000000
r26_user11_7,1000000000000000
r26_user11_8,1000000000000000
r26_user11_9,1000000000000000
r26_user11_10,1000000000000000
r26_user11_11,1000000000000000
r26_user11_12,1000000000000000
r26_user11_13,1000000000000000
r26_user11_14,1000000000000000
r26_user11_15,1000000000000000
r26_user11_16,1000000000000000
r26_user11_17,1000000000000000
r26_user11_18,1000000000000000
r26_user11_19,1000000000000000
r26_user11_20,1000000000000000
r26_user11_21,1000000000000000
r26_user11_22,1000000000000000
r26_user11_23,1000000000000000
r26_user11_24,1000000000000000
r26_user11_25,1000000000000000
r26_user11_26,1000000000000000
r26_user11_27,1000000000000000
r26_user11_28,1000000000000000
r26_user11_29,1000000000000000
r26_user11_30,1000000000000000
r26_user11_31,1000000000000000
r26_user11_32,1000000000000000
r26_user11_33,1000000000000000
r26_user11_34,1000000000000000
r26_user11_35,1000000000000000
r26_user11_36,1000000000000000
r26_user11_37,1000000000000000
r26_user11_38,1000000000000000
r26_user11_39,1000000000000000
r26_user11_40,1000000000000000
r26_user12_1,1000000000000000
r26_user12_2,1000000000000000
r26_user12_3,1000000000000000
r26_user12_4,1000000000000000
r26_user12_5,1000000000000000
r26_user12_6,1000000000000000
r26_user12_7,1000000000000000
r26_user12_8,1000000000000000
r26_user12_9,1000000000000000
r26_user12_10,1000000000000000
r26_user12_11,1000000000000000
r26_user12_12,1000000000000000
r26_user12_13,1000000000000000
r26_user12_14,1000000000000000
r26_user12_15,1000000000000000
r26_user12_16,1000000000000000
r26_user12_17,1000000000000000
r26_user12_18,1000000000000000
r26_user12_19,1000000000000000
r26_user12_20,1000000000000000
r26_user12_21,1000000000000000
r26_user12_22,1000000000000000
r26_user12_23,1000000000000000
r26_user12_24,1000000000000000
r26_user12_25,1000000000000000
r26_user12_26,1000000000000000
r26_user12_27,1000000000000000
r26_user12_28,1000000000000000
r26_user12_29,1000000000000000
r26_user12_30,1000000000000000
r26_user12_31,1000000000000000
r26_user12_32,1000000000000000
r26_user12_33,1000000000000000
r26_user12_34,1000000000000000
r26_user12_35,1000000000000000
r26_user12_36,1000000000000000
r26_user12_37,1000000000000000
r26_user12_38,1000000000000000
r26_user12_39,1000000000000000
r26_user12_40,1000000000000000
r26_user13_1,1000000000000000
r26_user13_2,1000000000000000
r26_user13_3,1000000000000000
r26_user13_4,1000000000000000
r26_user13_5,1000000000000000
r26_user13_6,1000000000000000
r26_user13_7,1000000000000000
r26_user13_8,1000000000000000
r26_user13_9,1000000000000000
r26_user13_10,1000000000000000
r26_user13_11,1000000000000000
r26_user13_12,1000000000000000
r26_user13_13,1000000000000000
r26_user13_14,1000000000000000
r26_user13_15,1000000000000000
r26_user13_16,1000000000000000
r26_user13_17,1000000000000000
r26_user13_18,1000000000000000
r26_user13_19,1000000000000000
r26_user13_20,1000000000000000
r26_user13_21,1000000000000000
r26_user13_22,1000000000000000
r26_user13_23,1000000000000000
r26_user13_24,1000000000000000
r26_user13_25,1000000000000000
r26_user13_26,1000000000000000
r26_user13_27,1000000000000000
r26_user13_28,1000000000000000
r26_user13_29,1000000000000000
r26_user13_30,1000000000000000
r26_user13_31,1000000000000000
r26_user13_32,1000000000000000
r26_user13_33,1000000000000000
r26_user13_34,1000000000000000
r26_user13_35,1000000000000000
r26_user13_36,1000000000000000
r26_user13_37,1000000000000000
r26_user13_38,1000000000000000
r26_user13_39,1000000000000000
r26_user13_40,1000000000000000
r26_user14_1,1000000000000000
r26_user14_2,1000000000000000
r26_user14_3,1000000000000000
r26_user14_4,1000000000000000
r26_user14_5,1000000000000000
r26_user14_6,1000000000000000
r26_user14_7,1000000000000000
r26_user14_8,1000000000000000
r26_user14_9,1000000000000000
r26_user14_10,1000000000000000
r26_user14_11,1000000000000000
r26_user14_12,1000000000000000
r26_user14_13,1000000000000000
r26_user14_14,1000000000000000
r26_user14_15,1000000000000000
r26_user14_16,1000000000000000
r26_user14_17,1000000000000000
r26_user14_18,1000000000000000
r26_user14_19,1000000000000000
r26_user14_20,1000000000000000
r26_user14_21,1000000000000000
r26_user14_22,1000000000000000
r26_user14_23,1000000000000000
r26_user14_24,1000000000000000
r26_user14_25,1000000000000000
r26_user14_26,1000000000000000
r26_user14_27,1000000000000000
r26_user14_28,1000000000000000
r26_user14_29,1000000000000000
r26_user14_30,1000000000000000
r26_user14_31,1000000000000000
r26_user14_32,1000000000000000
r26_user14_33,1000000000000000
r26_user14_34,1000000000000000
r26_user14_35,1000000000000000
r26_user14_36,1000000000000000
r26_user14_37,1000000000000000
r26_user14_38,1000000000000000
r26_user14_39,1000000000000000
r26_user14_40,1000000000000000
r26_user15_1,1000000000000000
r26_user15_2,1000000000000000
r26_user15_3,1000000000000000
r26_user15_4,1000000000000000
r26_user15_5,1000000000000000
r26_user15_6,1000000000000000
r26_user15_7,1000000000000000
r26_user15_8,1000000000000000
r26_user15_9,1000000000000000
r26_user15_10,1000000000000000
r26_user15_11,1000000000000000
r26_user15_12,1000000000000000
r26_user15_13,1000000000000000
r26_user15_14,1000000000000000
r26_user15_15,1000000000000000
r26_user15_16,1000000000000000
r26_user15_17,1000000000000000
r26_user15_18,1000000000000000
r26_user15_19,1000000000000000
r26_user15_20,1000000000000000
r26_user15_21,1000000000000000
r26_user15_22,1000000000000000
r26_user15_23,1000000000000000
r26_user15_24,1000000000000000
r26_user15_25,1000000000000000
r26_user15_26,1000000000000000
r26_user15_27,1000000000000000
r26_user15_28,1000000000000000
r26_user15_29,1000000000000000
r26_user15_30,1000000000000000
r26_user15_31,1000000000000000
r26_user15_32,1000000000000000
r26_user15_33,1000000000000000
r26_user15_34,1000000000000000
r26_user15_35,1000000000000000
r26_user15_36,1000000000000000
r26_user15_37,1000000000000000
r26_user15_38,1000000000000000
r26_user15_39,1000000000000000
r26_user15_40,1000000000000000
r26_user16_1,1000000000000000
r26_user16_2,1000000000000000
r26_user16_3,1000000000000000
r26_user16_4,1000000000000000
r26_user16_5,1000000000000000
r26_user16_6,1000000000000000
r26_user16_7,1000000000000000
r26_user16_8,1000000000000000
r26_user16_9,1000000000000000
r26_user16_10,1000000000000000
r26_user16_11,1000000000000000
r26_user16_12,1000000000000000
r26_user16_13,1000000000000000
r26_user16_14,1000000000000000
r26_user16_15,1000000000000000
r26_user16_16,1000000000000000
r26_user16_17,1000000000000000
r26_user16_18,1000000000000000
r26_user16_19,1000000000000000
r26_user16_20,1000000000000000
r26_user16_21,1000000000000000
r26_user16_22,1000000000000000
r26_user16_23,1000000000000000
r26_user16_24,1000000000000000
r26_user16_25,1000000000000000
r26_user16_26,1000000000000000
r26_user16_27,1000000000000000
r26_user16_28,1000000000000000
r26_user16_29,1000000000000000
r26_user16_30,1000000000000000
r26_user16_31,1000000000000000
r26_user16_32,1000000000000000
r26_user16_33,1000000000000000
r26_user16_34,1000000000000000
r26_user16_35,1000000000000000
r26_user16_36,1000000000000000
r26_user16_37,1000000000000000
r26_user16_38,1000000000000000
r26_user16_39,1000000000000000
r26_user16_40,1000000000000000
r26_user17_1,1000000000000000
r26_user17_2,1000000000000000
r26_user17_3,1000000000000000
r26_user17_4,1000000000000000
r26_user17_5,1000000000000000
r26_user17_6,1000000000000000
r26_user17_7,1000000000000000
r26_user17_8,1000000000000000
r26_user17_9,1000000000000000
r26_user17_10,1000000000000000
r26_user17_11,1000000000000000
r26_user17_12,1000000000000000
r26_user17_13,1000000000000000
r26_user17_14,1000000000000000
r26_user17_15,1000000000000000
r26_user17_16,1000000000000000
r26_user17_17,1000000000000000
r26_user17_18,1000000000000000
r26_user17_19,1000000000000000
r26_user17_20,1000000000000000
r26_user17_21,1000000000000000
r26_user17_22,1000000000000000
r26_user17_23,1000000000000000
r26_user17_24,1000000000000000
r26_user17_25,1000000000000000
r26_user17_26,1000000000000000
r26_user17_27,1000000000000000
r26_user17_28,1000000000000000
r26_user17_29,1000000000000000
r26_user17_30,1000000000000000
r26_user17_31,1000000000000000
r26_user17_32,1000000000000000
r26_user17_33,1000000000000000
r26_user17_34,1000000000000000
r26_user17_35,1000000000000000
r26_user17_36,1000000000000000
r26_user17_37,1000000000000000
r26_user17_38,1000000000000000
r26_user17_39,1000000000000000
r26_user17_40,1000000000000000
r26_user18_1,1000000000000000
r26_user18_2,1000000000000000
r26_user18_3,1000000000000000
r26_user18_4,1000000000000000
r26_user18_5,1000000000000000
r26_user18_6,1000000000000000
r26_user18_7,1000000000000000
r26_user18_8,1000000000000000
r26_user18_9,1000000000000000
r26_user18_10,1000000000000000
r26_user18_11,1000000000000000
r26_user18_12,1000000000000000
r26_user18_13,1000000000000000
r26_user18_14,1000000000000000
r26_user18_15,1000000000000000
r26_user18_16,1000000000000000
r26_user18_17,1000000000000000
r26_user18_18,1000000000000000
r26_user18_19,1000000000000000
r26_user18_20,1000000000000000
r26_user18_21,1000000000000000
r26_user18_22,1000000000000000
r26_user18_23,1000000000000000
r26_user18_24,1000000000000000
r26_user18_25,1000000000000000
r26_user18_26,1000000000000000
r26_user18_27,1000000000000000
r26_user18_28,1000000000000000
r26_user18_29,1000000000000000
r26_user18_30,1000000000000000
r26_user18_31,1000000000000000
r26_user18_32,1000000000000000
r26_user18_33,1000000000000000
r26_user18_34,1000000000000000
r26_user18_35,1000000000000000
r26_user18_36,1000000000000000
r26_user18_37,1000000000000000
r26_user18_38,1000000000000000
r26_user18_39,1000000000000000
r26_user18_40,1000000000000000
r26_user19_1,1000000000000000
r26_user19_2,1000000000000000
r26_user19_3,1000000000000000
r26_user19_4,1000000000000000
r26_user19_5,1000000000000000
r26_user19_6,1000000000000000
r26_user19_7,1000000000000000
r26_user19_8,1000000000000000
r26_user19_9,1000000000000000
r26_user19_10,1000000000000000
r26_user19_11,1000000000000000
r26_user19_12,1000000000000000
r26_user19_13,1000000000000000
r26_user19_14,1000000000000000
r26_user19_15,1000000000000000
r26_user19_16,1000000000000000
r26_user19_17,1000000000000000
r26_user19_18,1000000000000000
r26_user19_19,1000000000000000
r26_user19_20,1000000000000000
r26_user19_21,1000000000000000
r26_user19_22,1000000000000000
r26_user19_23,1000000000000000
r26_user19_24,1000000000000000
r26_user19_25,1000000000000000
r26_user19_26,1000000000000000
r26_user19_27,1000000000000000
r26_user19_28,1000000000000000
r26_user19_29,1000000000000000
r26_user19_30,1000000000000000
r26_user19_31,1000000000000000
r26_user19_32,1000000000000000
r26_user19_33,1000000000000000
r26_user19_34,1000000000000000
r26_user19_35,1000000000000000
r26_user19_36,1000000000000000
r26_user19_37,1000000000000000
r26_user19_38,1000000000000000
r26_user19_39,1000000000000000
r26_user19_40,1000000000000000
r26_user2_1,1000000000000000
r26_user2_2,1000000000000000
r26_user2_3,1000000000000000
r26_user2_4,1000000000000000
r26_user2_5,1000000000000000
r26_user2_6,1000000000000000
r26_user2_7,1000000000000000
r26_user2_8,1000000000000000
r26_user2_9,1000000000000000
r26_user2_10,1000000000000000
r26_user2_11,1000000000000000
r26_user2_12,1000000000000000
r26_user2_13,1000000000000000
r26_user2_14,1000000000000000
r26_user2_15,1000000000000000
r26_user2_16,1000000000000000
r26_user2_17,1000000000000000
r26_user2_18,1000000000000000
r26_user2_19,1000000000000000
r26_user2_20,1000000000000000
r26_user2_21,1000000000000000
r26_user2_22,1000000000000000
r26_user2_23,1000000000000000
r26_user2_24,1000000000000000
r26_user2_25,1000000000000000
r26_user2_26,1000000000000000
r26_user2_27,1000000000000000
r26_user2_28,1000000000000000
r26_user2_29,1000000000000000
r26_user2_30,1000000000000000
r26_user2_31,1000000000000000
r26_user2_32,1000000000000000
r26_user2_33,1000000000000000
r26_user2_34,1000000000000000
r26_user2_35,1000000000000000
r26_user2_36,1000000000000000
r26_user2_37,1000000000000000
r26_user2_38,1000000000000000
r26_user2_39,1000000000000000
r26_user2_40,1000000000000000
r26_user20_1,1000000000000000
r26_user20_2,1000000000000000
r26_user20_3,1000000000000000
r26_user20_4,1000000000000000
r26_user20_5,1000000000000000
r26_user20_6,1000000000000000
r26_user20_7,1000000000000000
r26_user20_8,1000000000000000
r26_user20_9,1000000000000000
r26_user20_10,1000000000000000
r26_user20_11,1000000000000000
r26_user20_12,1000000000000000
r26_user20_13,1000000000000000
r26_user20_14,1000000000000000
r26_user20_15,1000000000000000
r26_user20_16,1000000000000000
r26_user20_17,1000000000000000
r26_user20_18,1000000000000000
r26_user20_19,1000000000000000
r26_user20_20,1000000000000000
r26_user20_21,1000000000000000
r26_user20_22,1000000000000000
r26_user20_23,1000000000000000
r26_user20_24,1000000000000000
r26_user20_25,1000000000000000
r26_user20_26,1000000000000000
r26_user20_27,1000000000000000
r26_user20_28,1000000000000000
r26_user20_29,1000000000000000
r26_user20_30,1000000000000000
r26_user20_31,1000000000000000
r26_user20_32,1000000000000000
r26_user20_33,1000000000000000
r26_user20_34,1000000000000000
r26_user20_35,1000000000000000
r26_user20_36,1000000000000000
r26_user20_37,1000000000000000
r26_user20_38,1000000000000000
r26_user20_39,1000000000000000
r26_user20_40,1000000000000000
r26_user21_1,1000000000000000
r26_user21_2,1000000000000000
r26_user21_3,1000000000000000
r26_user21_4,1000000000000000
r26_user21_5,1000000000000000
r26_user21_6,1000000000000000
r26_user21_7,1000000000000000
r26_user21_8,1000000000000000
r26_user21_9,1000000000000000
r26_user21_10,1000000000000000
r26_user21_11,1000000000000000
r26_user21_12,1000000000000000
r26_user21_13,1000000000000000
r26_user21_14,1000000000000000
r26_user21_15,1000000000000000
r26_user21_16,1000000000000000
r26_user21_17,1000000000000000
r26_user21_18,1000000000000000
r26_user21_19,1000000000000000
r26_user21_20,1000000000000000
r26_user21_21,1000000000000000
r26_user21_22,1000000000000000
r26_user21_23,1000000000000000
r26_user21_24,1000000000000000
r26_user21_25,1000000000000000
r26_user21_26,1000000000000000
r26_user21_27,1000000000000000
r26_user21_28,1000000000000000
r26_user21_29,1000000000000000
r26_user21_30,1000000000000000
r26_user21_31,1000000000000000
r26_user21_32,1000000000000000
r26_user21_33,1000000000000000
r26_user21_34,1000000000000000
r26_user21_35,1000000000000000
r26_user21_36,1000000000000000
r26_user21_37,1000000000000000
r26_user21_38,1000000000000000
r26_user21_39,1000000000000000
r26_user21_40,1000000000000000
r26_user22_1,1000000000000000
r26_user22_2,1000000000000000
r26_user22_3,1000000000000000
r26_user22_4,1000000000000000
r26_user22_5,1000000000000000
r26_user22_6,1000000000000000
r26_user22_7,1000000000000000
r26_user22_8,1000000000000000
r26_user22_9,1000000000000000
r26_user22_10,1000000000000000
r26_user22_11,1000000000000000
r26_user22_12,1000000000000000
r26_user22_13,1000000000000000
r26_user22_14,1000000000000000
r26_user22_15,1000000000000000
r26_user22_16,1000000000000000
r26_user22_17,1000000000000000
r26_user22_18,1000000000000000
r26_user22_19,1000000000000000
r26_user22_20,1000000000000000
r26_user22_21,1000000000000000
r26_user22_22,1000000000000000
r26_user22_23,1000000000000000
r26_user22_24,1000000000000000
r26_user22_25,1000000000000000
r26_user22_26,1000000000000000
r26_user22_27,1000000000000000
r26_user22_28,1000000000000000
r26_user22_29,1000000000000000
r26_user22_30,1000000000000000
r26_user22_31,1000000000000000
r26_user22_32,1000000000000000
r26_user22_33,1000000000000000
r26_user22_34,1000000000000000
r26_user22_35,1000000000000000
r26_user22_36,1000000000000000
r26_user22_37,1000000000000000
r26_user22_38,1000000000000000
r26_user22_39,1000000000000000
r26_user22_40,1000000000000000
r26_user23_1,1000000000000000
r26_user23_2,1000000000000000
r26_user23_3,1000000000000000
r26_user23_4,1000000000000000
r26_user23_5,1000000000000000
r26_user23_6,1000000000000000
r26_user23_7,1000000000000000
r26_user23_8,1000000000000000
r26_user23_9,1000000000000000
r26_user23_10,1000000000000000
r26_user23_11,1000000000000000
r26_user23_12,1000000000000000
r26_user23_13,1000000000000000
r26_user23_14,1000000000000000
r26_user23_15,1000000000000000
r26_user23_16,1000000000000000
r26_user23_17,1000000000000000
r26_user23_18,1000000000000000
r26_user23_19,1000000000000000
r26_user23_20,1000000000000000
r26_user23_21,1000000000000000
r26_user23_22,1000000000000000
r26_user23_23,1000000000000000
r26_user23_24,1000000000000000
r26_user23_25,1000000000000000
r26_user23_26,1000000000000000
r26_user23_27,1000000000000000
r26_user23_28,1000000000000000
r26_user23_29,1000000000000000
r26_user23_30,1000000000000000
r26_user23_31,1000000000000000
r26_user23_32,1000000000000000
r26_user23_33,1000000000000000
r26_user23_34,1000000000000000
r26_user23_35,1000000000000000
r26_user23_36,1000000000000000
r26_user23_37,1000000000000000
r26_user23_38,1000000000000000
r26_user23_39,1000000000000000
r26_user23_40,1000000000000000
r26_user24_1,1000000000000000
r26_user24_2,1000000000000000
r26_user24_3,1000000000000000
r26_user24_4,1000000000000000
r26_user24_5,1000000000000000
r26_user24_6,1000000000000000
r26_user24_7,1000000000000000
r26_user24_8,1000000000000000
r26_user24_9,1000000000000000
r26_user24_10,1000000000000000
r26_user24_11,1000000000000000
r26_user24_12,1000000000000000
r26_user24_13,1000000000000000
r26_user24_14,1000000000000000
r26_user24_15,1000000000000000
r26_user24_16,1000000000000000
r26_user24_17,1000000000000000
r26_user24_18,1000000000000000
r26_user24_19,1000000000000000
r26_user24_20,1000000000000000
r26_user24_21,1000000000000000
r26_user24_22,1000000000000000
r26_user24_23,1000000000000000
r26_user24_24,1000000000000000
r26_user24_25,1000000000000000
r26_user24_26,1000000000000000
r26_user24_27,1000000000000000
r26_user24_28,1000000000000000
r26_user24_29,1000000000000000
r26_user24_30,1000000000000000
r26_user24_31,1000000000000000
r26_user24_32,1000000000000000
r26_user24_33,1000000000000000
r26_user24_34,1000000000000000
r26_user24_35,1000000000000000
r26_user24_36,1000000000000000
r26_user24_37,1000000000000000
r26_user24_38,1000000000000000
r26_user24_39,1000000000000000
r26_user24_40,1000000000000000
r26_user25_1,1000000000000000
r26_user25_2,1000000000000000
r26_user25_3,1000000000000000
r26_user25_4,1000000000000000
r26_user25_5,1000000000000000
r26_user25_6,1000000000000000
r26_user25_7,1000000000000000
r26_user25_8,1000000000000000
r26_user25_9,1000000000000000
r26_user25_10,1000000000000000
r26_user25_11,1000000000000000
r26_user25_12,1000000000000000
r26_user25_13,1000000000000000
r26_user25_14,1000000000000000
r26_user25_15,1000000000000000
r26_user25_16,1000000000000000
r26_user25_17,1000000000000000
r26_user25_18,1000000000000000
r26_user25_19,1000000000000000
r26_user25_20,1000000000000000
r26_user25_21,1000000000000000
r26_user25_22,1000000000000000
r26_user25_23,1000000000000000
r26_user25_24,1000000000000000
r26_user25_25,1000000000000000
r26_user25_26,1000000000000000
r26_user25_27,1000000000000000
r26_user25_28,1000000000000000
r26_user25_29,1000000000000000
r26_user25_30,1000000000000000
r26_user25_31,1000000000000000
r26_user25_32,1000000000000000
r26_user25_33,1000000000000000
r26_user25_34,1000000000000000
r26_user25_35,1000000000000000
r26_user25_36,1000000000000000
r26_user25_37,1000000000000000
r26_user25_38,1000000000000000
r26_user25_39,1000000000000000
r26_user25_40,1000000000000000
r26_user3_1,1000000000000000
r26_user3_2,1000000000000000
r26_user3_3,1000000000000000
r26_user3_4,1000000000000000
r26_user3_5,1000000000000000
r26_user3_6,1000000000000000
r26_user3_7,1000000000000000
r26_user3_8,1000000000000000
r26_user3_9,1000000000000000
r26_user3_10,1000000000000000
r26_user3_11,1000000000000000
r26_user3_12,1000000000000000
r26_user3_13,1000000000000000
r26_user3_14,1000000000000000
r26_user3_15,1000000000000000
r26_user3_16,1000000000000000
r26_user3_17,1000000000000000
r26_user3_18,1000000000000000
r26_user3_19,1000000000000000
r26_user3_20,1000000000000000
r26_user3_21,1000000000000000
r26_user3_22,1000000000000000
r26_user3_23,1000000000000000
r26_user3_24,1000000000000000
r26_user3_25,1000000000000000
r26_user3_26,1000000000000000
r26_user3_27,1000000000000000
r26_user3_28,1000000000000000
r26_user3_29,1000000000000000
r26_user3_30,1000000000000000
r26_user3_31,1000000000000000
r26_user3_32,1000000000000000
r26_user3_33,1000000000000000
r26_user3_34,1000000000000000
r26_user3_35,1000000000000000
r26_user3_36,1000000000000000
r26_user3_37,1000000000000000
r26_user3_38,1000000000000000
r26_user3_39,1000000000000000
r26_user3_40,1000000000000000
r26_user4_1,1000000000000000
r26_user4_2,1000000000000000
r26_user4_3,1000000000000000
r26_user4_4,1000000000000000
r26_user4_5,1000000000000000
r26_user4_6,1000000000000000
r26_user4_7,1000000000000000
r26_user4_8,1000000000000000
r26_user4_9,1000000000000000
r26_user4_10,1000000000000000
r26_user4_11,1000000000000000
r26_user4_12,1000000000000000
r26_user4_13,1000000000000000
r26_user4_14,1000000000000000
r26_user4_15,1000000000000000
r26_user4_16,1000000000000000
r26_user4_17,1000000000000000
r26_user4_18,1000000000000000
r26_user4_19,1000000000000000
r26_user4_20,1000000000000000
r26_user4_21,1000000000000000
r26_user4_22,1000000000000000
r26_user4_23,1000000000000000
r26_user4_24,1000000000000000
r26_user4_25,1000000000000000
r26_user4_26,1000000000000000
r26_user4_27,1000000000000000
r26_user4_28,1000000000000000
r26_user4_29,1000000000000000
r26_user4_30,1000000000000000
r26_user4_31,1000000000000000
r26_user4_32,1000000000000000
r26_user4_33,1000000000000000
r26_user4_34,1000000000000000
r26_user4_35,1000000000000000
r26_user4_36,1000000000000000
r26_user4_37,1000000000000000
r26_user4_38,1000000000000000
r26_user4_39,1000000000000000
r26_user4_40,1000000000000000
r26_user5_1,1000000000000000
r26_user5_2,1000000000000000
r26_user5_3,1000000000000000
r26_user5_4,1000000000000000
r26_user5_5,1000000000000000
r26_user5_6,1000000000000000
r26_user5_7,1000000000000000
r26_user5_8,1000000000000000
r26_user5_9,1000000000000000
r26_user5_10,1000000000000000
r26_user5_11,1000000000000000
r26_user5_12,1000000000000000
r26_user5_13,1000000000000000
r26_user5_14,1000000000000000
r26_user5_15,1000000000000000
r26_user5_16,1000000000000000
r26_user5_17,1000000000000000
r26_user5_18,1000000000000000
r26_user5_19,1000000000000000
r26_user5_20,1000000000000000
r26_user5_21,1000000000000000
r26_user5_22,1000000000000000
r26_user5_23,1000000000000000
r26_user5_24,1000000000000000
r26_user5_25,1000000000000000
r26_user5_26,1000000000000000
r26_user5_27,1000000000000000
r26_user5_28,1000000000000000
r26_user5_29,1000000000000000
r26_user5_30,1000000000000000
r26_user5_31,1000000000000000
r26_user5_32,1000000000000000
r26_user5_33,1000000000000000
r26_user5_34,1000000000000000
r26_user5_35,1000000000000000
r26_user5_36,1000000000000000
r26_user5_37,1000000000000000
r26_user5_38,1000000000000000
r26_user5_39,1000000000000000
r26_user5_40,1000000000000000
r26_user6_1,1000000000000000
r26_user6_2,1000000000000000
r26_user6_3,1000000000000000
r26_user6_4,1000000000000000
r26_user6_5,1000000000000000
r26_user6_6,1000000000000000
r26_user6_7,1000000000000000
r26_user6_8,1000000000000000
r26_user6_9,1000000000000000
r26_user6_10,1000000000000000
r26_user6_11,1000000000000000
r26_user6_12,1000000000000000
r26_user6_13,1000000000000000
r26_user6_14,1000000000000000
r26_user6_15,1000000000000000
r26_user6_16,1000000000000000
r26_user6_17,1000000000000000
r26_user6_18,1000000000000000
r26_user6_19,1000000000000000
r26_user6_20,1000000000000000
r26_user6_21,1000000000000000
r26_user6_22,1000000000000000
r26_user6_23,1000000000000000
r26_user6_24,1000000000000000
r26_user6_25,1000000000000000
r26_user6_26,1000000000000000
r26_user6_27,1000000000000000
r26_user6_28,1000000000000000
r26_user6_29,1000000000000000
r26_user6_30,1000000000000000
r26_user6_31,1000000000000000
r26_user6_32,1000000000000000
r26_user6_33,1000000000000000
r26_user6_34,1000000000000000
r26_user6_35,1000000000000000
r26_user6_36,1000000000000000
r26_user6_37,1000000000000000
r26_user6_38,1000000000000000
r26_user6_39,1000000000000000
r26_user6_40,1000000000000000
r26_user7_1,1000000000000000
r26_user7_2,1000000000000000
r26_user7_3,1000000000000000
r26_user7_4,1000000000000000
r26_user7_5,1000000000000000
r26_user7_6,1000000000000000
r26_user7_7,1000000000000000
r26_user7_8,1000000000000000
r26_user7_9,1000000000000000
r26_user7_10,1000000000000000
r26_user7_11,1000000000000000
r26_user7_12,1000000000000000
r26_user7_13,1000000000000000
r26_user7_14,1000000000000000
r26_user7_15,1000000000000000
r26_user7_16,1000000000000000
r26_user7_17,1000000000000000
r26_user7_18,1000000000000000
r26_user7_19,1000000000000000
r26_user7_20,1000000000000000
r26_user7_21,1000000000000000
r26_user7_22,1000000000000000
r26_user7_23,1000000000000000
r26_user7_24,1000000000000000
r26_user7_25,1000000000000000
r26_user7_26,1000000000000000
r26_user7_27,1000000000000000
r26_user7_28,1000000000000000
r26_user7_29,1000000000000000
r26_user7_30,1000000000000000
r26_user7_31,1000000000000000
r26_user7_32,1000000000000000
r26_user7_33,1000000000000000
r26_user7_34,1000000000000000
r26_user7_35,1000000000000000
r26_user7_36,1000000000000000
r26_user7_37,1000000000000000
r26_user7_38,1000000000000000
r26_user7_39,1000000000000000
r26_user7_40,1000000000000000
r26_user8_1,1000000000000000
r26_user8_2,1000000000000000
r26_user8_3,1000000000000000
r26_user8_4,1000000000000000
r26_user8_5,1000000000000000
r26_user8_6,1000000000000000
r26_user8_7,1000000000000000
r26_user8_8,1000000000000000
r26_user8_9,1000000000000000
r26_user8_10,1000000000000000
r26_user8_11,1000000000000000
r26_user8_12,1000000000000000
r26_user8_13,1000000000000000
r26_user8_14,1000000000000000
r26_user8_15,1000000000000000
r26_user8_16,1000000000000000
r26_user8_17,1000000000000000
r26_user8_18,1000000000000000
r26_user8_19,1000000000000000
r26_user8_20,1000000000000000
r26_user8_21,1000000000000000
r26_user8_22,1000000000000000
r26_user8_23,1000000000000000
r26_user8_24,1000000000000000
r26_user8_25,1000000000000000
r26_user8_26,1000000000000000
r26_user8_27,1000000000000000
r26_user8_28,1000000000000000
r26_user8_29,1000000000000000
r26_user8_30,1000000000000000
r26_user8_31,1000000000000000
r26_user8_32,1000000000000000
r26_user8_33,1000000000000000
r26_user8_34,1000000000000000
r26_user8_35,1000000000000000
r26_user8_36,1000000000000000
r26_user8_37,1000000000000000
r26_user8_38,1000000000000000
r26_user8_39,1000000000000000
r26_user8_40,1000000000000000
r26_user9_1,1000000000000000
r26_user9_2,1000000000000000
r26_user9_3,1000000000000000
r26_user9_4,1000000000000000
r26_user9_5,1000000000000000
r26_user9_6,1000000000000000
r26_user9_7,1000000000000000
r26_user9_8,1000000000000000
r26_user9_9,1000000000000000
r26_user9_10,1000000000000000
r26_user9_11,1000000000000000
r26_user9_12,1000000000000000
r26_user9_13,1000000000000000
r26_user9_14,1000000000000000
r26_user9_15,1000000000000000
r26_user9_16,1000000000000000
r26_user9_17,1000000000000000
r26_user9_18,1000000000000000
r26_user9_19,1000000000000000
r26_user9_20,1000000000000000
r26_user9_21,1000000000000000
r26_user9_22,1000000000000000
r26_user9_23,1000000000000000
r26_user9_24,1000000000000000
r26_user9_25,1000000000000000
r26_user9_26,1000000000000000
r26_user9_27,1000000000000000
r26_user9_28,1000000000000000
r26_user9_29,1000000000000000
r26_user9_30,1000000000000000
r26_user9_31,1000000000000000
r26_user9_32,1000000000000000
r26_user9_33,1000000000000000
r26_user9_34,1000000000000000
r26_user9_35,1000000000000000
r26_user9_36,1000000000000000
r26_user9_37,1000000000000000
r26_user9_38,1000000000000000
r26_user9_39,1000000000000000
r26_user9_40,1000000000000000
